,Nb_Ph.,Ph_calls,Dur.,Nb_con_obj,Mo,Nb_people.,age,Salary,Y
0,2.0,4.0,100.0,4.0,3.0,2.0,29.0,200000.0,1
1,3.0,12.0,97.0,17.0,60.0,2.0,34.0,2000.0,1
2,3.0,22.0,101.0,6.0,63.0,2.0,22.0,15000.0,0
3,3.0,8.0,98.0,16.0,101.0,3.0,33.0,73000.0,0
4,4.0,4.0,99.0,10.0,81.0,1.0,30.0,80000.0,0
5,2.0,9.0,98.0,6.0,77.0,2.0,30.0,181000.0,1
6,3.0,7.0,98.0,8.0,69.0,3.0,31.0,125000.0,1
7,4.0,14.0,96.0,10.0,75.0,2.0,28.0,26000.0,0
8,2.0,7.0,101.0,13.0,112.0,2.0,22.0,59000.0,1
9,2.0,18.0,97.0,4.0,77.0,2.0,34.0,258000.0,1
10,2.0,12.0,92.0,3.0,85.0,2.0,46.0,417000.0,1
11,3.0,15.0,97.0,18.0,24.0,2.0,31.0,71000.0,0
12,3.0,6.0,98.0,11.0,61.0,2.0,35.0,113000.0,0
13,3.0,6.0,97.0,7.0,44.0,2.0,40.0,119000.0,1
14,4.0,18.0,95.0,20.0,31.0,3.0,36.0,93000.0,0
15,4.0,34.0,88.0,7.0,131.0,2.0,34.0,185000.0,0
16,3.0,5.0,99.0,19.0,195.0,2.0,33.0,105000.0,0
17,3.0,33.0,106.0,11.0,183.0,1.0,27.0,38000.0,0
18,3.0,29.0,96.0,24.0,95.0,2.0,31.0,70000.0,0
19,3.0,13.0,97.0,15.0,88.0,2.0,33.0,73000.0,0
20,3.0,27.0,102.0,1.0,179.0,2.0,22.0,17000.0,0
21,3.0,30.0,117.0,21.0,299.0,2.0,21.0,235000.0,1
22,2.0,21.0,104.0,4.0,119.0,1.0,18.0,170000.0,1
23,3.0,19.0,103.0,9.0,23.0,2.0,24.0,102000.0,1
24,3.0,12.0,94.0,4.0,24.0,1.0,39.0,161000.0,1
25,4.0,27.0,100.0,4.0,159.0,3.0,22.0,55000.0,0
26,4.0,2.0,100.0,14.0,51.0,2.0,29.0,29000.0,0
27,2.0,8.0,99.0,15.0,178.0,3.0,33.0,154000.0,0
28,3.0,9.0,98.0,8.0,20.0,2.0,32.0,92000.0,1
29,3.0,17.0,102.0,9.0,32.0,2.0,22.0,74000.0,1
30,2.0,12.0,100.0,8.0,176.0,2.0,24.0,182000.0,1
31,2.0,16.0,100.0,1.0,126.0,2.0,24.0,260000.0,1
32,2.0,21.0,100.0,5.0,137.0,3.0,24.0,327000.0,1
33,3.0,7.0,98.0,9.0,99.0,2.0,30.0,105000.0,0
34,3.0,27.0,107.0,12.0,324.0,1.0,29.0,74000.0,0
35,2.0,9.0,100.0,8.0,291.0,2.0,23.0,241000.0,1
36,4.0,28.0,103.0,7.0,226.0,2.0,25.0,44000.0,0
37,3.0,24.0,105.0,9.0,228.0,3.0,27.0,23000.0,0
38,3.0,1.0,100.0,16.0,138.0,1.0,34.0,79000.0,1
39,2.0,12.0,98.0,4.0,35.0,1.0,29.0,129000.0,1
40,2.0,7.0,99.0,5.0,63.0,2.0,32.0,202000.0,1
41,4.0,13.0,99.0,1.0,77.0,2.0,21.0,1000.0,0
42,3.0,16.0,102.0,9.0,247.0,2.0,27.0,53000.0,0
43,3.0,18.0,94.0,3.0,89.0,1.0,34.0,109000.0,1
44,3.0,17.0,104.0,12.0,90.0,3.0,19.0,58000.0,1
45,4.0,37.0,102.0,8.0,11.0,2.0,22.0,14000.0,0
46,4.0,11.0,100.0,10.0,196.0,3.0,25.0,110000.0,0
47,3.0,20.0,107.0,17.0,54.0,2.0,19.0,47000.0,1
48,2.0,14.0,101.0,2.0,236.0,3.0,20.0,269000.0,1
49,3.0,31.0,114.0,9.0,132.0,2.0,20.0,35000.0,1
50,2.0,12.0,100.0,8.0,59.0,2.0,22.0,65000.0,1
51,4.0,3.0,99.0,11.0,56.0,2.0,34.0,3000.0,1
52,3.0,32.0,107.0,9.0,199.0,1.0,26.0,10000.0,0
53,2.0,2.0,100.0,3.0,8.0,2.0,27.0,175000.0,1
54,3.0,1.0,100.0,10.0,150.0,1.0,38.0,210000.0,1
55,2.0,5.0,99.0,4.0,14.0,2.0,37.0,220000.0,1
56,4.0,1.0,100.0,20.0,15.0,2.0,35.0,84000.0,0
57,3.0,21.0,102.0,6.0,51.0,2.0,24.0,143000.0,0
58,3.0,2.0,99.0,8.0,141.0,2.0,47.0,289000.0,1
59,3.0,27.0,110.0,20.0,110.0,2.0,22.0,119000.0,1
60,4.0,16.0,99.0,8.0,24.0,3.0,22.0,41000.0,0
61,3.0,31.0,92.0,12.0,151.0,2.0,30.0,130000.0,0
62,4.0,7.0,98.0,17.0,23.0,1.0,33.0,53000.0,0
63,3.0,7.0,97.0,6.0,63.0,2.0,36.0,206000.0,1
64,4.0,7.0,98.0,11.0,20.0,2.0,29.0,17000.0,1
65,3.0,7.0,98.0,2.0,202.0,2.0,37.0,114000.0,0
66,5.0,8.0,97.0,16.0,84.0,2.0,34.0,131000.0,0
67,2.0,17.0,99.0,3.0,122.0,2.0,26.0,305000.0,1
68,2.0,25.0,97.0,14.0,398.0,2.0,34.0,371000.0,1
69,2.0,19.0,100.0,1.0,53.0,2.0,25.0,232000.0,1
70,3.0,1.0,100.0,3.0,92.0,1.0,34.0,144000.0,1
71,3.0,22.0,103.0,14.0,162.0,3.0,25.0,135000.0,1
72,3.0,17.0,99.0,7.0,93.0,3.0,27.0,182000.0,1
73,2.0,9.0,98.0,2.0,141.0,2.0,32.0,148000.0,1
74,3.0,13.0,102.0,17.0,28.0,1.0,26.0,0.0,1
75,3.0,28.0,106.0,9.0,273.0,2.0,28.0,27000.0,0
76,3.0,34.0,105.0,6.0,231.0,2.0,25.0,20000.0,0
77,3.0,6.0,99.0,2.0,123.0,2.0,33.0,136000.0,1
78,4.0,3.0,99.0,22.0,64.0,3.0,33.0,100000.0,0
79,4.0,23.0,100.0,7.0,89.0,2.0,22.0,35000.0,0
80,3.0,22.0,104.0,8.0,291.0,2.0,27.0,48000.0,0
81,3.0,30.0,96.0,25.0,135.0,2.0,31.0,54000.0,0
82,3.0,14.0,100.0,3.0,105.0,2.0,22.0,12000.0,0
83,5.0,25.0,91.0,9.0,84.0,2.0,31.0,70000.0,0
84,4.0,8.0,97.0,13.0,81.0,2.0,31.0,122000.0,0
85,3.0,20.0,106.0,11.0,389.0,1.0,29.0,81000.0,0
86,2.0,22.0,101.0,4.0,125.0,2.0,23.0,220000.0,1
87,2.0,17.0,100.0,9.0,74.0,2.0,22.0,34000.0,1
88,3.0,23.0,106.0,10.0,136.0,2.0,24.0,18000.0,0
89,4.0,27.0,102.0,9.0,180.0,2.0,26.0,44000.0,0
90,4.0,29.0,100.0,9.0,4.0,2.0,22.0,27000.0,0
91,3.0,2.0,100.0,15.0,56.0,1.0,32.0,8000.0,0
92,2.0,6.0,100.0,11.0,182.0,2.0,24.0,129000.0,1
93,2.0,16.0,99.0,1.0,150.0,2.0,26.0,270000.0,1
94,3.0,7.0,99.0,10.0,29.0,3.0,30.0,74000.0,1
95,3.0,25.0,107.0,11.0,20.0,1.0,21.0,29000.0,1
96,3.0,30.0,104.0,8.0,153.0,1.0,25.0,5000.0,0
97,2.0,23.0,103.0,6.0,4.0,2.0,25.0,156000.0,1
98,3.0,15.0,99.0,2.0,66.0,3.0,20.0,35000.0,0
99,4.0,5.0,99.0,21.0,26.0,2.0,33.0,93000.0,0
100,3.0,10.0,97.0,7.0,20.0,1.0,36.0,175000.0,1
101,3.0,12.0,97.0,15.0,26.0,1.0,32.0,17000.0,0
102,2.0,16.0,100.0,6.0,143.0,2.0,25.0,202000.0,1
103,2.0,9.0,98.0,7.0,81.0,2.0,32.0,170000.0,1
104,4.0,9.0,100.0,6.0,112.0,2.0,22.0,56000.0,0
105,2.0,5.0,100.0,13.0,273.0,2.0,25.0,204000.0,1
106,2.0,17.0,102.0,5.0,164.0,2.0,21.0,206000.0,1
107,3.0,27.0,103.0,7.0,141.0,2.0,24.0,4000.0,0
108,3.0,24.0,106.0,8.0,123.0,1.0,24.0,46000.0,1
109,3.0,8.0,98.0,12.0,146.0,2.0,31.0,97000.0,0
110,3.0,28.0,111.0,6.0,72.0,2.0,19.0,49000.0,1
111,3.0,26.0,106.0,8.0,35.0,2.0,22.0,77000.0,0
112,3.0,5.0,99.0,6.0,3.0,2.0,36.0,181000.0,1
113,3.0,11.0,100.0,2.0,194.0,2.0,24.0,3000.0,0
114,3.0,2.0,100.0,6.0,98.0,2.0,28.0,48000.0,1
115,3.0,15.0,99.0,4.0,213.0,1.0,24.0,61000.0,1
116,4.0,13.0,96.0,10.0,32.0,2.0,34.0,67000.0,0
117,4.0,9.0,101.0,11.0,263.0,1.0,26.0,131000.0,0
118,3.0,21.0,103.0,9.0,249.0,2.0,26.0,80000.0,0
119,5.0,10.0,97.0,13.0,102.0,2.0,29.0,143000.0,0
120,3.0,50.0,123.0,18.0,359.0,2.0,34.0,30000.0,0
121,3.0,21.0,103.0,10.0,180.0,2.0,26.0,24000.0,0
122,3.0,16.0,100.0,7.0,148.0,2.0,25.0,170000.0,1
123,4.0,17.0,99.0,3.0,115.0,1.0,21.0,49000.0,0
124,3.0,25.0,93.0,4.0,98.0,3.0,29.0,33000.0,1
125,3.0,1.0,100.0,14.0,69.0,2.0,32.0,33000.0,0
126,2.0,11.0,101.0,5.0,68.0,2.0,20.0,18000.0,0
127,3.0,25.0,104.0,9.0,62.0,1.0,25.0,57000.0,1
128,3.0,21.0,104.0,9.0,289.0,2.0,28.0,31000.0,0
129,3.0,16.0,97.0,16.0,35.0,3.0,31.0,18000.0,0
130,4.0,23.0,99.0,4.0,47.0,2.0,20.0,24000.0,0
131,4.0,22.0,96.0,20.0,18.0,2.0,30.0,154000.0,0
132,2.0,17.0,99.0,4.0,140.0,2.0,27.0,259000.0,1
133,3.0,25.0,96.0,3.0,54.0,3.0,36.0,233000.0,1
134,2.0,25.0,102.0,2.0,68.0,3.0,22.0,200000.0,1
135,3.0,20.0,104.0,13.0,24.0,3.0,24.0,12000.0,1
136,3.0,30.0,106.0,6.0,246.0,2.0,26.0,10000.0,0
137,4.0,2.0,99.0,12.0,18.0,2.0,31.0,0.0,0
138,3.0,27.0,106.0,9.0,22.0,2.0,22.0,63000.0,1
139,2.0,26.0,104.0,1.0,56.0,2.0,22.0,157000.0,1
140,4.0,7.0,98.0,11.0,17.0,1.0,31.0,5000.0,0
141,3.0,17.0,97.0,16.0,92.0,2.0,32.0,44000.0,0
142,4.0,5.0,99.0,2.0,44.0,2.0,18.0,66000.0,0
143,4.0,10.0,97.0,9.0,147.0,3.0,31.0,111000.0,1
144,3.0,20.0,104.0,10.0,56.0,2.0,25.0,43000.0,1
145,2.0,11.0,98.0,2.0,207.0,1.0,28.0,304000.0,1
146,3.0,21.0,107.0,17.0,9.0,2.0,21.0,43000.0,1
147,2.0,14.0,96.0,13.0,293.0,2.0,37.0,291000.0,1
148,2.0,3.0,99.0,1.0,60.0,2.0,35.0,331000.0,1
149,2.0,3.0,100.0,11.0,190.0,2.0,21.0,133000.0,1
150,2.0,17.0,94.0,4.0,16.0,2.0,33.0,163000.0,1
151,3.0,12.0,94.0,14.0,223.0,2.0,43.0,233000.0,1
152,2.0,28.0,102.0,6.0,45.0,3.0,21.0,267000.0,1
153,3.0,20.0,102.0,9.0,145.0,3.0,25.0,50000.0,0
154,3.0,24.0,102.0,6.0,36.0,2.0,24.0,136000.0,1
155,3.0,25.0,105.0,7.0,63.0,2.0,24.0,95000.0,1
156,3.0,15.0,97.0,17.0,34.0,2.0,29.0,57000.0,0
157,3.0,27.0,108.0,12.0,146.0,2.0,22.0,43000.0,1
158,3.0,17.0,99.0,4.0,57.0,2.0,20.0,44000.0,0
159,3.0,8.0,98.0,14.0,62.0,3.0,32.0,37000.0,0
160,2.0,3.0,100.0,6.0,31.0,2.0,26.0,161000.0,1
161,3.0,2.0,100.0,3.0,187.0,1.0,24.0,23000.0,1
162,2.0,17.0,100.0,4.0,138.0,2.0,24.0,213000.0,1
163,2.0,4.0,99.0,10.0,221.0,2.0,32.0,250000.0,1
164,3.0,28.0,104.0,5.0,220.0,2.0,27.0,31000.0,0
165,3.0,10.0,100.0,5.0,234.0,1.0,24.0,70000.0,0
166,3.0,22.0,102.0,3.0,290.0,2.0,24.0,50000.0,0
167,3.0,16.0,104.0,14.0,24.0,2.0,23.0,5000.0,1
168,2.0,4.0,99.0,8.0,254.0,2.0,33.0,318000.0,1
169,3.0,26.0,111.0,14.0,196.0,2.0,20.0,107000.0,1
170,3.0,8.0,97.0,10.0,114.0,3.0,39.0,197000.0,1
171,4.0,12.0,99.0,4.0,22.0,2.0,21.0,11000.0,0
172,4.0,10.0,100.0,7.0,160.0,2.0,23.0,84000.0,0
173,3.0,20.0,100.0,7.0,39.0,1.0,22.0,1000.0,0
174,4.0,17.0,98.0,9.0,29.0,3.0,20.0,78000.0,0
175,2.0,15.0,95.0,10.0,213.0,2.0,33.0,199000.0,1
176,4.0,18.0,94.0,10.0,7.0,3.0,33.0,24000.0,0
177,3.0,18.0,99.0,8.0,9.0,2.0,32.0,168000.0,1
178,2.0,5.0,100.0,10.0,164.0,1.0,26.0,154000.0,1
179,3.0,13.0,97.0,6.0,196.0,2.0,30.0,227000.0,0
180,3.0,5.0,97.0,11.0,233.0,2.0,46.0,286000.0,1
181,2.0,3.0,100.0,5.0,2.0,2.0,29.0,149000.0,1
182,2.0,28.0,103.0,7.0,65.0,2.0,26.0,192000.0,1
183,4.0,29.0,103.0,10.0,158.0,2.0,26.0,36000.0,0
184,3.0,18.0,102.0,4.0,254.0,3.0,26.0,11000.0,0
185,4.0,14.0,98.0,3.0,10.0,2.0,18.0,15000.0,0
186,4.0,14.0,96.0,5.0,46.0,3.0,29.0,97000.0,0
187,3.0,16.0,100.0,4.0,71.0,2.0,21.0,4000.0,0
188,3.0,2.0,99.0,9.0,45.0,1.0,33.0,128000.0,1
189,3.0,28.0,104.0,9.0,169.0,2.0,24.0,39000.0,0
190,4.0,16.0,97.0,2.0,122.0,2.0,20.0,38000.0,0
191,3.0,21.0,102.0,14.0,137.0,2.0,32.0,5000.0,1
192,4.0,16.0,101.0,8.0,233.0,3.0,26.0,78000.0,0
193,4.0,5.0,99.0,15.0,98.0,1.0,31.0,11000.0,0
194,2.0,5.0,99.0,11.0,270.0,3.0,31.0,250000.0,0
195,2.0,18.0,98.0,2.0,148.0,2.0,27.0,267000.0,1
196,2.0,19.0,98.0,4.0,211.0,2.0,25.0,347000.0,1
197,3.0,30.0,104.0,11.0,165.0,2.0,32.0,59000.0,1
198,3.0,25.0,110.0,16.0,204.0,3.0,22.0,116000.0,1
199,2.0,16.0,96.0,3.0,4.0,2.0,34.0,284000.0,1
200,3.0,15.0,97.0,15.0,285.0,2.0,34.0,238000.0,1
201,3.0,11.0,97.0,17.0,70.0,2.0,32.0,19000.0,1
202,3.0,6.0,98.0,8.0,79.0,3.0,37.0,207000.0,1
203,3.0,36.0,108.0,10.0,332.0,2.0,29.0,60000.0,1
204,4.0,21.0,94.0,10.0,101.0,2.0,29.0,52000.0,0
205,2.0,8.0,99.0,3.0,189.0,1.0,25.0,251000.0,1
206,2.0,23.0,104.0,2.0,161.0,2.0,19.0,237000.0,1
207,3.0,27.0,108.0,8.0,67.0,1.0,18.0,85000.0,1
208,2.0,1.0,100.0,5.0,84.0,2.0,28.0,221000.0,1
209,4.0,27.0,92.0,11.0,85.0,1.0,34.0,104000.0,0
210,2.0,18.0,101.0,5.0,254.0,2.0,21.0,251000.0,1
211,4.0,20.0,101.0,6.0,163.0,1.0,22.0,65000.0,0
212,4.0,20.0,99.0,6.0,11.0,2.0,21.0,32000.0,0
213,5.0,9.0,98.0,4.0,56.0,2.0,19.0,102000.0,0
214,3.0,29.0,107.0,7.0,13.0,2.0,21.0,106000.0,1
215,3.0,26.0,102.0,7.0,51.0,2.0,28.0,118000.0,1
216,3.0,20.0,98.0,5.0,13.0,2.0,33.0,215000.0,1
217,2.0,32.0,97.0,24.0,166.0,3.0,29.0,44000.0,0
218,3.0,29.0,117.0,15.0,109.0,2.0,22.0,120000.0,1
219,5.0,25.0,92.0,14.0,1.0,2.0,32.0,67000.0,0
220,2.0,15.0,96.0,6.0,269.0,2.0,32.0,309000.0,1
221,3.0,5.0,99.0,12.0,106.0,2.0,32.0,107000.0,1
222,3.0,6.0,98.0,13.0,166.0,2.0,30.0,77000.0,0
223,4.0,8.0,99.0,7.0,74.0,2.0,21.0,92000.0,0
224,3.0,32.0,109.0,7.0,302.0,2.0,27.0,2000.0,0
225,4.0,18.0,99.0,5.0,7.0,2.0,21.0,9000.0,0
226,3.0,14.0,92.0,11.0,91.0,2.0,45.0,203000.0,1
227,3.0,6.0,96.0,10.0,174.0,2.0,44.0,238000.0,1
228,3.0,27.0,104.0,14.0,174.0,2.0,28.0,56000.0,0
229,3.0,1.0,100.0,4.0,17.0,1.0,38.0,209000.0,1
230,3.0,5.0,99.0,2.0,75.0,3.0,35.0,176000.0,1
231,2.0,29.0,100.0,3.0,191.0,3.0,23.0,266000.0,1
232,4.0,10.0,99.0,8.0,122.0,2.0,24.0,91000.0,0
233,3.0,16.0,101.0,7.0,147.0,3.0,24.0,31000.0,0
234,3.0,22.0,103.0,7.0,274.0,2.0,26.0,52000.0,0
235,2.0,20.0,100.0,7.0,150.0,1.0,25.0,193000.0,1
236,3.0,13.0,96.0,12.0,28.0,2.0,32.0,25000.0,0
237,3.0,24.0,111.0,21.0,237.0,2.0,22.0,197000.0,1
238,4.0,24.0,101.0,8.0,144.0,1.0,24.0,40000.0,0
239,4.0,4.0,99.0,11.0,18.0,3.0,29.0,16000.0,0
240,2.0,23.0,95.0,9.0,48.0,2.0,28.0,62000.0,0
241,4.0,19.0,96.0,20.0,57.0,2.0,32.0,70000.0,0
242,2.0,15.0,98.0,4.0,234.0,2.0,23.0,338000.0,1
243,3.0,5.0,100.0,8.0,219.0,2.0,26.0,77000.0,0
244,5.0,17.0,95.0,15.0,244.0,2.0,28.0,312000.0,0
245,3.0,8.0,98.0,9.0,2.0,1.0,27.0,8000.0,0
246,4.0,14.0,93.0,14.0,81.0,2.0,42.0,110000.0,1
247,2.0,16.0,93.0,3.0,51.0,1.0,37.0,245000.0,1
248,3.0,28.0,102.0,6.0,83.0,2.0,22.0,11000.0,0
249,3.0,17.0,95.0,9.0,101.0,1.0,31.0,108000.0,1
250,3.0,22.0,90.0,5.0,17.0,3.0,35.0,115000.0,1
251,3.0,26.0,105.0,8.0,289.0,2.0,27.0,62000.0,0
252,4.0,22.0,102.0,10.0,205.0,3.0,26.0,74000.0,0
253,3.0,8.0,100.0,1.0,283.0,3.0,24.0,36000.0,0
254,3.0,6.0,98.0,14.0,56.0,3.0,32.0,20000.0,0
255,3.0,16.0,100.0,7.0,44.0,2.0,22.0,18000.0,0
256,3.0,19.0,104.0,20.0,108.0,2.0,28.0,91000.0,1
257,4.0,15.0,99.0,6.0,103.0,2.0,19.0,5000.0,0
258,4.0,25.0,101.0,4.0,107.0,2.0,22.0,4000.0,0
259,2.0,24.0,102.0,5.0,89.0,2.0,21.0,285000.0,1
260,4.0,12.0,96.0,17.0,20.0,2.0,34.0,63000.0,0
261,2.0,16.0,96.0,4.0,3.0,1.0,31.0,137000.0,0
262,4.0,2.0,100.0,2.0,18.0,2.0,19.0,24000.0,0
263,3.0,9.0,98.0,22.0,160.0,2.0,35.0,39000.0,0
264,3.0,14.0,98.0,4.0,57.0,2.0,34.0,196000.0,1
265,4.0,20.0,101.0,9.0,83.0,2.0,23.0,32000.0,0
266,3.0,10.0,98.0,11.0,164.0,2.0,30.0,137000.0,0
267,3.0,23.0,103.0,3.0,209.0,2.0,24.0,20000.0,0
268,4.0,10.0,97.0,14.0,62.0,3.0,31.0,130000.0,0
269,3.0,10.0,99.0,12.0,114.0,3.0,28.0,117000.0,1
270,4.0,21.0,98.0,10.0,68.0,2.0,21.0,29000.0,0
271,4.0,4.0,99.0,14.0,20.0,3.0,31.0,18000.0,0
272,3.0,3.0,98.0,7.0,63.0,2.0,43.0,241000.0,1
273,2.0,11.0,95.0,10.0,251.0,2.0,38.0,262000.0,1
274,3.0,23.0,102.0,7.0,13.0,2.0,25.0,133000.0,1
275,3.0,24.0,104.0,9.0,169.0,3.0,25.0,32000.0,0
276,3.0,20.0,103.0,17.0,15.0,1.0,26.0,7000.0,1
277,3.0,15.0,102.0,12.0,81.0,2.0,22.0,52000.0,1
278,5.0,14.0,96.0,21.0,83.0,1.0,35.0,183000.0,0
279,3.0,22.0,97.0,7.0,1.0,3.0,35.0,200000.0,1
280,4.0,9.0,97.0,10.0,172.0,2.0,29.0,159000.0,1
281,2.0,22.0,95.0,7.0,267.0,2.0,30.0,473000.0,1
282,3.0,40.0,110.0,12.0,308.0,2.0,30.0,53000.0,0
283,2.0,13.0,99.0,4.0,265.0,2.0,24.0,276000.0,1
284,4.0,13.0,96.0,12.0,50.0,2.0,32.0,18000.0,0
285,1.0,24.0,99.0,3.0,25.0,1.0,25.0,185000.0,1
286,2.0,19.0,97.0,10.0,191.0,2.0,27.0,162000.0,0
287,3.0,15.0,103.0,16.0,39.0,3.0,24.0,10000.0,1
288,3.0,17.0,95.0,8.0,0.0,2.0,30.0,45000.0,0
289,1.0,6.0,102.0,5.0,78.0,2.0,19.0,147000.0,1
290,2.0,27.0,100.0,5.0,17.0,2.0,29.0,304000.0,1
291,5.0,26.0,92.0,18.0,37.0,2.0,34.0,127000.0,0
292,2.0,18.0,99.0,7.0,140.0,2.0,28.0,224000.0,1
293,3.0,10.0,98.0,22.0,91.0,2.0,32.0,52000.0,0
294,3.0,5.0,99.0,20.0,193.0,2.0,36.0,110000.0,0
295,4.0,4.0,99.0,20.0,44.0,2.0,35.0,55000.0,0
296,3.0,9.0,98.0,18.0,142.0,2.0,36.0,89000.0,0
297,4.0,24.0,93.0,9.0,14.0,2.0,32.0,48000.0,0
298,4.0,16.0,96.0,10.0,41.0,2.0,27.0,11000.0,0
299,3.0,16.0,102.0,15.0,163.0,3.0,23.0,63000.0,1
300,3.0,21.0,102.0,10.0,5.0,2.0,27.0,96000.0,1
301,2.0,30.0,94.0,20.0,20.0,3.0,35.0,20000.0,0
302,2.0,4.0,100.0,6.0,4.0,2.0,24.0,114000.0,1
303,3.0,11.0,93.0,9.0,158.0,2.0,43.0,230000.0,1
304,2.0,30.0,94.0,10.0,33.0,3.0,27.0,21000.0,0
305,3.0,15.0,97.0,22.0,71.0,1.0,30.0,91000.0,0
306,3.0,27.0,104.0,4.0,192.0,2.0,24.0,20000.0,0
307,3.0,16.0,101.0,3.0,220.0,2.0,24.0,15000.0,0
308,3.0,15.0,101.0,14.0,203.0,2.0,23.0,101000.0,1
309,3.0,3.0,99.0,17.0,69.0,1.0,32.0,22000.0,0
310,3.0,25.0,100.0,5.0,41.0,1.0,28.0,201000.0,1
311,2.0,19.0,98.0,4.0,105.0,2.0,29.0,334000.0,1
312,3.0,9.0,98.0,6.0,35.0,2.0,30.0,89000.0,1
313,3.0,28.0,104.0,4.0,68.0,2.0,26.0,138000.0,1
314,4.0,8.0,96.0,7.0,90.0,2.0,41.0,102000.0,1
315,3.0,7.0,98.0,16.0,173.0,2.0,34.0,137000.0,0
316,3.0,27.0,105.0,7.0,216.0,3.0,25.0,25000.0,0
317,4.0,20.0,100.0,7.0,56.0,2.0,21.0,31000.0,0
318,2.0,7.0,98.0,4.0,197.0,3.0,32.0,287000.0,1
319,3.0,33.0,105.0,9.0,116.0,2.0,29.0,82000.0,1
320,4.0,25.0,103.0,13.0,160.0,2.0,27.0,74000.0,0
321,4.0,10.0,97.0,20.0,123.0,1.0,37.0,40000.0,0
322,4.0,14.0,100.0,4.0,185.0,3.0,24.0,48000.0,0
323,3.0,1.0,100.0,13.0,154.0,2.0,32.0,128000.0,0
324,3.0,4.0,99.0,5.0,51.0,2.0,33.0,135000.0,1
325,2.0,20.0,100.0,17.0,339.0,2.0,28.0,224000.0,1
326,4.0,8.0,99.0,4.0,114.0,3.0,18.0,3000.0,0
327,3.0,20.0,101.0,7.0,107.0,1.0,22.0,30000.0,0
328,4.0,6.0,99.0,1.0,114.0,3.0,20.0,62000.0,0
329,4.0,20.0,101.0,7.0,258.0,1.0,27.0,70000.0,0
330,3.0,9.0,99.0,8.0,47.0,2.0,32.0,166000.0,1
331,3.0,4.0,100.0,7.0,163.0,2.0,24.0,37000.0,0
332,2.0,7.0,99.0,4.0,3.0,2.0,30.0,157000.0,1
333,3.0,5.0,99.0,8.0,32.0,2.0,35.0,151000.0,1
334,4.0,2.0,99.0,15.0,56.0,2.0,34.0,10000.0,0
335,3.0,29.0,103.0,6.0,23.0,3.0,26.0,166000.0,0
336,2.0,14.0,96.0,1.0,306.0,2.0,30.0,402000.0,0
337,4.0,4.0,99.0,13.0,24.0,2.0,30.0,50000.0,0
338,3.0,9.0,100.0,5.0,135.0,2.0,28.0,60000.0,1
339,3.0,12.0,97.0,12.0,150.0,2.0,29.0,83000.0,1
340,3.0,12.0,95.0,6.0,7.0,2.0,36.0,122000.0,1
341,3.0,5.0,99.0,3.0,92.0,2.0,21.0,14000.0,0
342,3.0,7.0,98.0,3.0,115.0,2.0,33.0,114000.0,1
343,3.0,19.0,101.0,6.0,91.0,3.0,23.0,18000.0,0
344,3.0,31.0,108.0,13.0,371.0,2.0,31.0,104000.0,0
345,4.0,7.0,99.0,6.0,30.0,2.0,19.0,40000.0,0
346,2.0,25.0,102.0,3.0,81.0,2.0,22.0,252000.0,1
347,2.0,23.0,101.0,4.0,131.0,2.0,22.0,283000.0,1
348,3.0,28.0,111.0,16.0,222.0,3.0,23.0,130000.0,1
349,4.0,12.0,99.0,2.0,162.0,2.0,21.0,28000.0,0
350,2.0,24.0,104.0,2.0,102.0,2.0,19.0,203000.0,1
351,3.0,4.0,98.0,5.0,34.0,2.0,41.0,222000.0,1
352,2.0,25.0,95.0,4.0,133.0,2.0,33.0,295000.0,1
353,3.0,16.0,91.0,7.0,57.0,2.0,40.0,154000.0,1
354,3.0,16.0,101.0,5.0,205.0,3.0,25.0,9000.0,0
355,3.0,11.0,95.0,6.0,74.0,2.0,42.0,276000.0,1
356,3.0,29.0,106.0,9.0,282.0,2.0,28.0,32000.0,0
357,2.0,23.0,102.0,4.0,35.0,2.0,27.0,177000.0,1
358,2.0,7.0,100.0,8.0,102.0,2.0,29.0,191000.0,1
359,4.0,12.0,99.0,3.0,94.0,2.0,19.0,31000.0,0
360,4.0,27.0,102.0,7.0,205.0,2.0,25.0,46000.0,0
361,3.0,4.0,99.0,17.0,131.0,2.0,35.0,98000.0,0
362,4.0,26.0,90.0,7.0,63.0,2.0,33.0,91000.0,1
363,3.0,17.0,93.0,4.0,68.0,2.0,35.0,89000.0,1
364,3.0,5.0,99.0,12.0,124.0,2.0,28.0,53000.0,0
365,3.0,32.0,121.0,17.0,338.0,2.0,20.0,251000.0,1
366,4.0,31.0,102.0,12.0,86.0,3.0,26.0,46000.0,0
367,4.0,23.0,100.0,7.0,87.0,3.0,22.0,41000.0,0
368,2.0,15.0,96.0,8.0,208.0,2.0,32.0,230000.0,1
369,3.0,15.0,100.0,16.0,262.0,2.0,27.0,150000.0,1
370,4.0,21.0,102.0,10.0,270.0,2.0,27.0,99000.0,0
371,2.0,3.0,100.0,7.0,77.0,2.0,26.0,147000.0,1
372,3.0,31.0,106.0,8.0,191.0,2.0,26.0,3000.0,0
373,3.0,21.0,96.0,14.0,32.0,2.0,30.0,10000.0,0
374,3.0,20.0,101.0,9.0,81.0,2.0,24.0,18000.0,0
375,2.0,3.0,99.0,10.0,156.0,2.0,31.0,187000.0,1
376,2.0,14.0,100.0,6.0,200.0,2.0,23.0,217000.0,1
377,3.0,24.0,104.0,9.0,189.0,2.0,26.0,8000.0,0
378,4.0,23.0,101.0,7.0,107.0,2.0,23.0,30000.0,0
379,3.0,2.0,99.0,12.0,44.0,2.0,34.0,48000.0,1
380,4.0,8.0,100.0,3.0,187.0,2.0,23.0,61000.0,0
381,2.0,19.0,103.0,6.0,254.0,3.0,19.0,200000.0,1
382,3.0,13.0,100.0,3.0,177.0,2.0,22.0,34000.0,0
383,3.0,12.0,96.0,14.0,21.0,2.0,35.0,16000.0,0
384,5.0,20.0,93.0,11.0,149.0,1.0,29.0,189000.0,0
385,2.0,21.0,96.0,1.0,124.0,2.0,33.0,334000.0,1
386,3.0,24.0,104.0,11.0,250.0,1.0,28.0,66000.0,0
387,3.0,24.0,109.0,13.0,7.0,2.0,19.0,14000.0,1
388,2.0,10.0,100.0,11.0,149.0,2.0,28.0,155000.0,1
389,2.0,6.0,99.0,2.0,453.0,3.0,20.0,374000.0,1
390,3.0,27.0,104.0,7.0,229.0,3.0,26.0,31000.0,0
391,2.0,1.0,100.0,5.0,52.0,3.0,24.0,186000.0,1
392,3.0,9.0,98.0,22.0,142.0,2.0,33.0,2000.0,0
393,4.0,36.0,102.0,6.0,73.0,2.0,23.0,23000.0,0
394,3.0,31.0,112.0,15.0,163.0,2.0,23.0,67000.0,1
395,2.0,14.0,101.0,6.0,59.0,2.0,25.0,160000.0,1
396,3.0,21.0,101.0,6.0,34.0,2.0,28.0,138000.0,1
397,2.0,9.0,95.0,9.0,287.0,2.0,43.0,357000.0,1
398,4.0,17.0,99.0,5.0,35.0,2.0,19.0,58000.0,0
399,2.0,17.0,97.0,1.0,172.0,3.0,29.0,310000.0,1
400,3.0,12.0,97.0,21.0,58.0,2.0,34.0,40000.0,0
401,2.0,28.0,110.0,3.0,47.0,2.0,20.0,79000.0,1
402,3.0,11.0,100.0,14.0,151.0,2.0,27.0,94000.0,1
403,2.0,13.0,98.0,5.0,260.0,2.0,24.0,356000.0,0
404,3.0,11.0,98.0,21.0,186.0,2.0,32.0,28000.0,0
405,3.0,2.0,99.0,12.0,215.0,3.0,39.0,217000.0,1
406,3.0,33.0,93.0,21.0,65.0,2.0,33.0,47000.0,0
407,4.0,17.0,99.0,7.0,26.0,3.0,22.0,20000.0,0
408,3.0,7.0,99.0,10.0,102.0,2.0,26.0,86000.0,0
409,4.0,16.0,96.0,17.0,19.0,3.0,31.0,103000.0,0
410,3.0,3.0,99.0,16.0,26.0,2.0,34.0,4000.0,0
411,2.0,6.0,100.0,16.0,437.0,2.0,23.0,231000.0,1
412,3.0,18.0,100.0,9.0,121.0,1.0,26.0,160000.0,1
413,2.0,10.0,99.0,7.0,63.0,2.0,31.0,199000.0,1
414,3.0,1.0,100.0,7.0,173.0,3.0,24.0,96000.0,0
415,4.0,8.0,99.0,2.0,78.0,2.0,19.0,48000.0,1
416,2.0,7.0,99.0,8.0,82.0,2.0,28.0,131000.0,1
417,4.0,10.0,99.0,4.0,43.0,2.0,21.0,20000.0,0
418,3.0,23.0,103.0,6.0,161.0,2.0,25.0,17000.0,0
419,4.0,25.0,102.0,9.0,173.0,1.0,26.0,47000.0,0
420,3.0,11.0,99.0,14.0,81.0,1.0,27.0,41000.0,0
421,4.0,3.0,99.0,16.0,26.0,2.0,33.0,67000.0,0
422,2.0,16.0,98.0,3.0,86.0,2.0,28.0,219000.0,1
423,3.0,6.0,99.0,12.0,71.0,2.0,31.0,72000.0,0
424,2.0,3.0,100.0,6.0,80.0,2.0,22.0,35000.0,1
425,2.0,12.0,99.0,12.0,225.0,2.0,26.0,146000.0,1
426,2.0,24.0,88.0,4.0,140.0,2.0,38.0,270000.0,1
427,2.0,17.0,101.0,4.0,22.0,3.0,25.0,159000.0,1
428,3.0,27.0,109.0,12.0,50.0,3.0,20.0,4000.0,1
429,3.0,26.0,94.0,12.0,339.0,2.0,33.0,292000.0,1
430,3.0,6.0,99.0,13.0,79.0,1.0,31.0,75000.0,1
431,3.0,12.0,102.0,18.0,19.0,2.0,24.0,43000.0,1
432,3.0,30.0,111.0,7.0,12.0,3.0,20.0,65000.0,1
433,2.0,22.0,98.0,5.0,287.0,2.0,22.0,379000.0,1
434,4.0,17.0,97.0,5.0,45.0,2.0,19.0,29000.0,0
435,3.0,17.0,91.0,5.0,60.0,3.0,39.0,207000.0,1
436,3.0,17.0,101.0,7.0,174.0,2.0,24.0,36000.0,1
437,4.0,2.0,99.0,13.0,126.0,2.0,47.0,159000.0,1
438,3.0,19.0,96.0,14.0,71.0,2.0,32.0,63000.0,0
439,4.0,21.0,100.0,3.0,59.0,3.0,20.0,11000.0,0
440,3.0,16.0,96.0,17.0,55.0,3.0,35.0,14000.0,0
441,3.0,17.0,93.0,9.0,109.0,2.0,35.0,143000.0,1
442,3.0,26.0,111.0,17.0,146.0,2.0,21.0,109000.0,1
443,3.0,14.0,98.0,9.0,44.0,1.0,36.0,148000.0,1
444,3.0,4.0,98.0,16.0,347.0,2.0,44.0,269000.0,1
445,4.0,2.0,100.0,19.0,76.0,2.0,32.0,28000.0,0
446,2.0,8.0,98.0,2.0,324.0,1.0,28.0,363000.0,1
447,3.0,18.0,103.0,11.0,352.0,2.0,30.0,90000.0,0
448,2.0,30.0,98.0,6.0,194.0,2.0,24.0,90000.0,1
449,2.0,20.0,100.0,6.0,90.0,1.0,22.0,108000.0,1
450,3.0,23.0,101.0,6.0,85.0,2.0,31.0,147000.0,1
451,3.0,11.0,93.0,9.0,155.0,2.0,44.0,227000.0,1
452,3.0,4.0,99.0,7.0,34.0,2.0,31.0,137000.0,1
453,3.0,25.0,102.0,13.0,38.0,3.0,29.0,58000.0,1
454,2.0,15.0,96.0,5.0,84.0,2.0,34.0,247000.0,1
455,2.0,25.0,103.0,5.0,190.0,2.0,18.0,311000.0,1
456,3.0,35.0,119.0,11.0,214.0,2.0,20.0,104000.0,1
457,3.0,29.0,117.0,16.0,244.0,1.0,19.0,166000.0,1
458,3.0,35.0,109.0,14.0,293.0,2.0,29.0,86000.0,0
459,4.0,7.0,98.0,12.0,83.0,3.0,27.0,3000.0,0
460,3.0,2.0,100.0,16.0,117.0,1.0,30.0,32000.0,0
461,3.0,24.0,108.0,12.0,85.0,1.0,20.0,24000.0,1
462,3.0,4.0,99.0,14.0,243.0,2.0,34.0,180000.0,1
463,4.0,5.0,98.0,11.0,41.0,1.0,33.0,22000.0,0
464,3.0,26.0,94.0,20.0,67.0,2.0,35.0,14000.0,0
465,3.0,6.0,98.0,22.0,16.0,2.0,38.0,50000.0,0
466,3.0,8.0,98.0,25.0,155.0,2.0,35.0,0.0,0
467,3.0,31.0,103.0,8.0,97.0,2.0,24.0,21000.0,0
468,3.0,20.0,103.0,10.0,289.0,2.0,29.0,55000.0,0
469,4.0,25.0,101.0,4.0,157.0,2.0,23.0,10000.0,0
470,3.0,14.0,104.0,13.0,75.0,2.0,22.0,34000.0,1
471,4.0,3.0,99.0,14.0,78.0,2.0,29.0,5000.0,0
472,4.0,11.0,97.0,17.0,133.0,2.0,34.0,155000.0,0
473,4.0,18.0,100.0,3.0,103.0,1.0,21.0,15000.0,0
474,3.0,15.0,100.0,13.0,18.0,2.0,31.0,64000.0,1
475,4.0,18.0,98.0,5.0,165.0,2.0,20.0,7000.0,0
476,4.0,15.0,96.0,3.0,35.0,2.0,26.0,84000.0,0
477,3.0,3.0,99.0,12.0,127.0,1.0,31.0,112000.0,0
478,3.0,11.0,95.0,6.0,61.0,2.0,37.0,90000.0,1
479,3.0,22.0,99.0,11.0,36.0,2.0,31.0,124000.0,1
480,3.0,24.0,104.0,9.0,150.0,2.0,26.0,5000.0,0
481,4.0,7.0,98.0,11.0,74.0,2.0,27.0,103000.0,0
482,2.0,4.0,99.0,10.0,200.0,2.0,34.0,208000.0,0
483,3.0,3.0,99.0,2.0,8.0,2.0,29.0,79000.0,0
484,2.0,4.0,99.0,5.0,136.0,3.0,31.0,262000.0,1
485,3.0,22.0,103.0,7.0,130.0,2.0,26.0,59000.0,0
486,3.0,27.0,106.0,6.0,263.0,2.0,26.0,1000.0,0
487,3.0,23.0,100.0,8.0,27.0,2.0,31.0,149000.0,1
488,2.0,19.0,107.0,9.0,14.0,2.0,19.0,33000.0,1
489,2.0,15.0,97.0,4.0,166.0,2.0,31.0,291000.0,1
490,2.0,17.0,100.0,6.0,55.0,2.0,27.0,166000.0,1
491,4.0,13.0,96.0,7.0,5.0,1.0,30.0,36000.0,0
492,3.0,29.0,91.0,11.0,13.0,2.0,33.0,24000.0,0
493,3.0,24.0,105.0,13.0,244.0,2.0,29.0,53000.0,1
494,4.0,7.0,98.0,11.0,52.0,2.0,30.0,73000.0,0
495,2.0,14.0,99.0,2.0,231.0,3.0,25.0,307000.0,0
496,4.0,25.0,100.0,8.0,69.0,2.0,23.0,44000.0,0
497,3.0,11.0,97.0,16.0,122.0,2.0,33.0,72000.0,0
498,4.0,29.0,102.0,4.0,143.0,2.0,23.0,1000.0,0
499,4.0,13.0,97.0,16.0,52.0,2.0,34.0,19000.0,0
500,2.0,8.0,98.0,8.0,237.0,2.0,32.0,279000.0,1
501,3.0,15.0,89.0,3.0,86.0,3.0,48.0,322000.0,1
502,3.0,1.0,100.0,19.0,88.0,3.0,36.0,6000.0,0
503,2.0,21.0,101.0,4.0,133.0,2.0,23.0,215000.0,1
504,2.0,4.0,100.0,9.0,114.0,1.0,28.0,153000.0,1
505,4.0,17.0,100.0,13.0,64.0,3.0,27.0,57000.0,1
506,3.0,26.0,102.0,5.0,99.0,2.0,29.0,133000.0,1
507,3.0,32.0,105.0,10.0,165.0,2.0,27.0,5000.0,0
508,4.0,13.0,97.0,15.0,83.0,2.0,29.0,145000.0,0
509,3.0,18.0,102.0,10.0,279.0,2.0,28.0,84000.0,0
510,4.0,10.0,99.0,6.0,108.0,3.0,22.0,95000.0,0
511,3.0,2.0,99.0,1.0,230.0,2.0,42.0,112000.0,1
512,3.0,23.0,103.0,11.0,140.0,1.0,26.0,34000.0,0
513,3.0,32.0,102.0,1.0,10.0,2.0,25.0,216000.0,1
514,3.0,41.0,108.0,10.0,134.0,2.0,26.0,18000.0,0
515,2.0,6.0,98.0,4.0,42.0,2.0,35.0,234000.0,1
516,3.0,33.0,115.0,22.0,205.0,2.0,23.0,184000.0,1
517,3.0,2.0,99.0,13.0,246.0,2.0,35.0,208000.0,1
518,3.0,22.0,102.0,9.0,36.0,2.0,26.0,102000.0,1
519,3.0,6.0,100.0,4.0,190.0,1.0,22.0,38000.0,0
520,2.0,17.0,102.0,4.0,135.0,1.0,21.0,212000.0,1
521,3.0,4.0,99.0,14.0,117.0,1.0,29.0,29000.0,0
522,4.0,18.0,94.0,17.0,35.0,1.0,33.0,66000.0,0
523,3.0,18.0,103.0,9.0,131.0,2.0,25.0,6000.0,0
524,4.0,27.0,103.0,6.0,212.0,2.0,24.0,50000.0,1
525,4.0,29.0,100.0,7.0,35.0,2.0,22.0,30000.0,0
526,3.0,8.0,98.0,6.0,4.0,2.0,36.0,180000.0,1
527,4.0,23.0,102.0,8.0,212.0,2.0,24.0,65000.0,0
528,2.0,4.0,99.0,12.0,209.0,2.0,29.0,154000.0,1
529,4.0,11.0,100.0,6.0,256.0,3.0,25.0,100000.0,0
530,3.0,15.0,98.0,4.0,260.0,3.0,22.0,62000.0,0
531,2.0,1.0,100.0,9.0,155.0,2.0,31.0,200000.0,1
532,3.0,20.0,94.0,5.0,173.0,1.0,30.0,31000.0,1
533,3.0,27.0,107.0,16.0,48.0,2.0,26.0,7000.0,1
534,2.0,19.0,104.0,6.0,34.0,3.0,24.0,199000.0,1
535,2.0,7.0,100.0,9.0,98.0,2.0,27.0,164000.0,1
536,3.0,10.0,96.0,6.0,66.0,3.0,35.0,70000.0,1
537,3.0,19.0,95.0,17.0,22.0,2.0,31.0,68000.0,0
538,1.0,6.0,101.0,4.0,95.0,2.0,22.0,202000.0,1
539,3.0,12.0,99.0,11.0,66.0,3.0,28.0,96000.0,1
540,3.0,24.0,106.0,15.0,139.0,2.0,27.0,42000.0,1
541,3.0,12.0,94.0,10.0,166.0,2.0,38.0,187000.0,1
542,2.0,10.0,95.0,1.0,31.0,3.0,41.0,262000.0,1
543,3.0,29.0,108.0,13.0,118.0,1.0,24.0,18000.0,1
544,3.0,19.0,94.0,8.0,7.0,2.0,31.0,48000.0,0
545,4.0,23.0,102.0,10.0,112.0,1.0,24.0,40000.0,0
546,1.0,12.0,100.0,3.0,107.0,2.0,31.0,341000.0,1
547,3.0,14.0,96.0,11.0,24.0,3.0,30.0,18000.0,0
548,2.0,3.0,100.0,4.0,35.0,2.0,28.0,219000.0,1
549,3.0,9.0,99.0,13.0,186.0,2.0,28.0,146000.0,1
550,2.0,32.0,106.0,2.0,53.0,2.0,21.0,203000.0,1
551,4.0,14.0,96.0,12.0,85.0,3.0,32.0,74000.0,0
552,4.0,7.0,98.0,16.0,109.0,2.0,30.0,7000.0,0
553,3.0,18.0,97.0,14.0,44.0,2.0,31.0,46000.0,0
554,3.0,9.0,100.0,3.0,168.0,2.0,24.0,10000.0,1
555,3.0,18.0,95.0,13.0,65.0,1.0,31.0,73000.0,0
556,2.0,8.0,97.0,6.0,124.0,2.0,38.0,259000.0,1
557,3.0,32.0,106.0,7.0,187.0,2.0,27.0,40000.0,0
558,3.0,7.0,100.0,6.0,22.0,3.0,20.0,19000.0,0
559,2.0,11.0,97.0,1.0,50.0,2.0,33.0,201000.0,1
560,3.0,13.0,100.0,8.0,42.0,2.0,28.0,71000.0,1
561,3.0,30.0,106.0,15.0,161.0,2.0,28.0,60000.0,0
562,4.0,14.0,97.0,23.0,48.0,2.0,33.0,103000.0,0
563,3.0,12.0,99.0,10.0,112.0,2.0,29.0,159000.0,1
564,2.0,18.0,103.0,1.0,190.0,1.0,20.0,241000.0,1
565,3.0,18.0,96.0,20.0,44.0,1.0,35.0,17000.0,1
566,2.0,5.0,99.0,15.0,281.0,2.0,33.0,239000.0,0
567,4.0,10.0,97.0,14.0,35.0,2.0,32.0,59000.0,0
568,2.0,12.0,99.0,9.0,106.0,2.0,30.0,190000.0,1
569,4.0,28.0,95.0,11.0,181.0,2.0,28.0,125000.0,0
570,4.0,11.0,99.0,3.0,99.0,1.0,20.0,75000.0,0
571,4.0,8.0,98.0,12.0,82.0,2.0,29.0,105000.0,0
572,3.0,31.0,108.0,7.0,291.0,2.0,27.0,1000.0,0
573,2.0,18.0,101.0,7.0,85.0,1.0,24.0,153000.0,1
574,2.0,18.0,97.0,5.0,205.0,2.0,29.0,400000.0,1
575,3.0,26.0,102.0,4.0,153.0,2.0,23.0,8000.0,0
576,3.0,15.0,99.0,8.0,112.0,3.0,28.0,175000.0,1
577,4.0,9.0,98.0,16.0,121.0,2.0,30.0,174000.0,0
578,4.0,20.0,100.0,6.0,57.0,1.0,22.0,10000.0,0
579,3.0,14.0,96.0,6.0,1.0,1.0,37.0,212000.0,1
580,3.0,22.0,104.0,15.0,107.0,2.0,27.0,23000.0,1
581,3.0,15.0,97.0,16.0,84.0,3.0,30.0,3000.0,0
582,3.0,23.0,105.0,8.0,17.0,1.0,22.0,74000.0,1
583,3.0,8.0,98.0,9.0,80.0,3.0,31.0,89000.0,1
584,3.0,25.0,106.0,11.0,122.0,2.0,24.0,2000.0,1
585,3.0,28.0,92.0,8.0,187.0,2.0,32.0,196000.0,0
586,4.0,42.0,108.0,11.0,155.0,2.0,25.0,25000.0,0
587,3.0,22.0,94.0,16.0,35.0,2.0,34.0,55000.0,0
588,3.0,28.0,92.0,23.0,74.0,2.0,39.0,4000.0,0
589,4.0,7.0,96.0,9.0,89.0,2.0,39.0,9000.0,1
590,3.0,28.0,106.0,5.0,45.0,2.0,22.0,117000.0,1
591,4.0,26.0,102.0,9.0,69.0,1.0,22.0,34000.0,0
592,3.0,22.0,101.0,9.0,102.0,1.0,25.0,6000.0,0
593,3.0,24.0,111.0,20.0,285.0,2.0,23.0,207000.0,1
594,3.0,22.0,104.0,11.0,12.0,2.0,24.0,61000.0,1
595,3.0,2.0,100.0,16.0,86.0,2.0,34.0,50000.0,0
596,3.0,23.0,101.0,6.0,151.0,2.0,25.0,6000.0,0
597,1.0,4.0,100.0,5.0,14.0,2.0,31.0,340000.0,1
598,2.0,16.0,94.0,2.0,68.0,2.0,37.0,277000.0,1
599,4.0,12.0,97.0,21.0,21.0,1.0,36.0,69000.0,0
600,3.0,9.0,100.0,3.0,185.0,2.0,22.0,11000.0,0
601,3.0,27.0,104.0,8.0,30.0,3.0,27.0,134000.0,1
602,3.0,9.0,96.0,14.0,180.0,2.0,35.0,103000.0,1
603,4.0,1.0,100.0,12.0,56.0,3.0,29.0,95000.0,0
604,3.0,2.0,100.0,1.0,171.0,2.0,20.0,60000.0,0
605,2.0,12.0,101.0,12.0,238.0,2.0,26.0,219000.0,1
606,2.0,31.0,93.0,17.0,108.0,1.0,33.0,52000.0,0
607,3.0,27.0,106.0,10.0,294.0,2.0,29.0,33000.0,0
608,2.0,28.0,94.0,5.0,191.0,2.0,31.0,410000.0,1
609,4.0,17.0,100.0,5.0,101.0,2.0,21.0,38000.0,0
610,1.0,20.0,103.0,9.0,287.0,2.0,26.0,350000.0,1
611,2.0,3.0,100.0,7.0,2.0,2.0,26.0,95000.0,1
612,3.0,6.0,96.0,2.0,76.0,2.0,48.0,320000.0,1
613,2.0,12.0,98.0,2.0,222.0,2.0,26.0,298000.0,1
614,2.0,13.0,99.0,7.0,112.0,2.0,25.0,143000.0,1
615,3.0,42.0,114.0,11.0,325.0,2.0,29.0,33000.0,0
616,3.0,34.0,92.0,17.0,56.0,2.0,30.0,130000.0,1
617,2.0,14.0,99.0,4.0,172.0,2.0,26.0,259000.0,1
618,3.0,2.0,100.0,15.0,209.0,3.0,24.0,80000.0,1
619,3.0,18.0,101.0,7.0,136.0,2.0,23.0,31000.0,0
620,4.0,26.0,103.0,12.0,188.0,3.0,26.0,89000.0,0
621,2.0,19.0,105.0,4.0,209.0,2.0,23.0,179000.0,0
622,3.0,25.0,94.0,21.0,92.0,2.0,33.0,24000.0,0
623,3.0,27.0,109.0,12.0,134.0,2.0,22.0,31000.0,1
624,3.0,31.0,110.0,13.0,202.0,2.0,26.0,27000.0,1
625,3.0,3.0,100.0,4.0,156.0,3.0,22.0,56000.0,0
626,3.0,30.0,101.0,6.0,100.0,2.0,31.0,157000.0,1
627,3.0,14.0,99.0,7.0,110.0,2.0,30.0,64000.0,1
628,3.0,13.0,97.0,17.0,1.0,2.0,31.0,76000.0,0
629,4.0,23.0,101.0,13.0,214.0,2.0,27.0,137000.0,0
630,4.0,15.0,95.0,15.0,89.0,2.0,33.0,120000.0,0
631,5.0,25.0,97.0,11.0,64.0,1.0,22.0,163000.0,0
632,3.0,5.0,99.0,13.0,126.0,3.0,29.0,94000.0,1
633,4.0,20.0,99.0,5.0,36.0,2.0,21.0,12000.0,0
634,3.0,6.0,98.0,8.0,42.0,2.0,34.0,121000.0,1
635,3.0,17.0,104.0,6.0,309.0,2.0,27.0,6000.0,0
636,4.0,16.0,98.0,8.0,35.0,1.0,21.0,40000.0,0
637,5.0,14.0,95.0,1.0,187.0,2.0,27.0,93000.0,0
638,4.0,9.0,98.0,20.0,133.0,2.0,34.0,12000.0,0
639,3.0,26.0,103.0,8.0,133.0,2.0,24.0,6000.0,0
640,2.0,13.0,102.0,3.0,77.0,2.0,24.0,150000.0,1
641,5.0,38.0,86.0,3.0,99.0,2.0,27.0,69000.0,0
642,3.0,38.0,110.0,12.0,233.0,2.0,28.0,28000.0,0
643,2.0,20.0,99.0,3.0,146.0,2.0,26.0,262000.0,1
644,3.0,30.0,106.0,5.0,14.0,2.0,23.0,147000.0,1
645,3.0,7.0,98.0,6.0,0.0,2.0,29.0,50000.0,0
646,4.0,1.0,100.0,10.0,31.0,1.0,28.0,80000.0,0
647,3.0,33.0,107.0,12.0,236.0,3.0,28.0,41000.0,0
648,3.0,22.0,105.0,14.0,25.0,2.0,23.0,0.0,1
649,3.0,25.0,108.0,11.0,58.0,3.0,19.0,49000.0,1
650,4.0,10.0,97.0,15.0,14.0,2.0,31.0,62000.0,0
651,3.0,24.0,96.0,7.0,47.0,1.0,24.0,37000.0,0
652,3.0,38.0,118.0,9.0,166.0,2.0,19.0,47000.0,1
653,2.0,25.0,89.0,5.0,71.0,2.0,37.0,242000.0,0
654,2.0,23.0,105.0,7.0,11.0,2.0,22.0,117000.0,1
655,3.0,29.0,103.0,6.0,205.0,2.0,25.0,19000.0,0
656,3.0,19.0,103.0,10.0,218.0,2.0,27.0,39000.0,0
657,4.0,9.0,99.0,4.0,211.0,2.0,23.0,95000.0,0
658,3.0,4.0,99.0,12.0,86.0,3.0,33.0,78000.0,0
659,3.0,2.0,99.0,5.0,34.0,2.0,28.0,65000.0,0
660,4.0,4.0,99.0,18.0,56.0,2.0,32.0,147000.0,0
661,2.0,12.0,102.0,6.0,317.0,2.0,23.0,192000.0,1
662,3.0,1.0,100.0,10.0,56.0,3.0,24.0,54000.0,1
663,2.0,2.0,100.0,10.0,106.0,2.0,25.0,123000.0,1
664,4.0,16.0,96.0,19.0,25.0,1.0,32.0,128000.0,0
665,3.0,17.0,96.0,16.0,121.0,1.0,32.0,61000.0,0
666,3.0,33.0,109.0,13.0,160.0,1.0,26.0,11000.0,1
667,2.0,8.0,99.0,5.0,228.0,3.0,26.0,254000.0,1
668,3.0,24.0,109.0,11.0,53.0,2.0,19.0,15000.0,1
669,3.0,18.0,102.0,11.0,88.0,3.0,24.0,93000.0,1
670,3.0,26.0,97.0,4.0,45.0,2.0,33.0,250000.0,0
671,4.0,23.0,101.0,7.0,86.0,2.0,23.0,14000.0,0
672,3.0,22.0,96.0,25.0,88.0,2.0,35.0,46000.0,0
673,4.0,16.0,96.0,9.0,60.0,2.0,28.0,77000.0,0
674,2.0,22.0,102.0,6.0,74.0,2.0,25.0,181000.0,1
675,3.0,31.0,105.0,9.0,134.0,2.0,26.0,18000.0,0
676,3.0,12.0,100.0,8.0,153.0,3.0,25.0,58000.0,0
677,2.0,3.0,99.0,6.0,166.0,2.0,37.0,308000.0,1
678,4.0,26.0,99.0,8.0,77.0,2.0,23.0,56000.0,0
679,3.0,38.0,113.0,10.0,218.0,2.0,25.0,8000.0,1
680,2.0,20.0,102.0,5.0,50.0,2.0,23.0,162000.0,1
681,3.0,22.0,104.0,14.0,7.0,1.0,27.0,51000.0,1
682,3.0,11.0,100.0,8.0,152.0,2.0,25.0,35000.0,0
683,2.0,16.0,96.0,10.0,185.0,1.0,29.0,156000.0,1
684,2.0,8.0,101.0,13.0,150.0,2.0,23.0,84000.0,1
685,2.0,4.0,98.0,4.0,24.0,2.0,44.0,361000.0,1
686,4.0,13.0,96.0,13.0,25.0,2.0,34.0,16000.0,0
687,4.0,18.0,94.0,13.0,166.0,2.0,29.0,191000.0,0
688,4.0,12.0,97.0,14.0,52.0,2.0,30.0,98000.0,0
689,3.0,14.0,101.0,9.0,29.0,2.0,25.0,100000.0,1
690,3.0,3.0,100.0,2.0,100.0,2.0,22.0,9000.0,0
691,4.0,4.0,99.0,13.0,2.0,2.0,32.0,11000.0,0
692,3.0,14.0,91.0,3.0,55.0,2.0,45.0,276000.0,1
693,2.0,8.0,99.0,3.0,41.0,2.0,34.0,215000.0,1
694,4.0,12.0,99.0,5.0,110.0,2.0,21.0,70000.0,0
695,4.0,2.0,100.0,16.0,66.0,1.0,30.0,26000.0,0
696,3.0,9.0,98.0,10.0,13.0,2.0,34.0,95000.0,1
697,3.0,14.0,99.0,2.0,11.0,2.0,19.0,28000.0,0
698,3.0,20.0,98.0,3.0,19.0,2.0,31.0,221000.0,1
699,4.0,12.0,99.0,5.0,96.0,1.0,18.0,19000.0,0
700,2.0,10.0,101.0,5.0,149.0,2.0,21.0,190000.0,1
701,4.0,22.0,99.0,5.0,9.0,2.0,21.0,7000.0,0
702,2.0,6.0,101.0,7.0,21.0,2.0,22.0,117000.0,1
703,4.0,35.0,104.0,6.0,209.0,2.0,25.0,34000.0,0
704,2.0,13.0,98.0,3.0,302.0,2.0,25.0,316000.0,1
705,2.0,3.0,100.0,11.0,184.0,2.0,21.0,149000.0,1
706,4.0,17.0,98.0,6.0,36.0,1.0,21.0,63000.0,0
707,3.0,28.0,109.0,11.0,203.0,3.0,25.0,14000.0,1
708,4.0,28.0,104.0,10.0,207.0,2.0,26.0,62000.0,0
709,2.0,17.0,98.0,4.0,158.0,2.0,29.0,275000.0,1
710,3.0,26.0,107.0,9.0,6.0,2.0,21.0,61000.0,1
711,2.0,5.0,98.0,9.0,260.0,2.0,41.0,348000.0,1
712,3.0,20.0,101.0,8.0,126.0,1.0,25.0,27000.0,0
713,3.0,1.0,100.0,7.0,97.0,2.0,37.0,57000.0,1
714,3.0,3.0,99.0,15.0,102.0,2.0,30.0,29000.0,0
715,3.0,25.0,110.0,14.0,65.0,2.0,18.0,55000.0,1
716,3.0,22.0,106.0,12.0,98.0,2.0,23.0,13000.0,1
717,4.0,16.0,100.0,7.0,92.0,2.0,23.0,43000.0,0
718,4.0,38.0,90.0,9.0,109.0,2.0,22.0,185000.0,0
719,3.0,22.0,93.0,15.0,158.0,2.0,37.0,138000.0,0
720,3.0,11.0,96.0,8.0,5.0,2.0,39.0,175000.0,1
721,4.0,3.0,99.0,11.0,3.0,1.0,29.0,30000.0,0
722,3.0,23.0,84.0,2.0,71.0,2.0,44.0,163000.0,1
723,4.0,23.0,100.0,5.0,160.0,1.0,25.0,16000.0,1
724,3.0,13.0,97.0,19.0,188.0,2.0,36.0,123000.0,0
725,3.0,32.0,108.0,11.0,281.0,3.0,29.0,33000.0,0
726,2.0,12.0,97.0,1.0,72.0,2.0,34.0,184000.0,1
727,2.0,11.0,99.0,2.0,131.0,2.0,26.0,62000.0,1
728,3.0,13.0,97.0,8.0,140.0,1.0,34.0,235000.0,1
729,3.0,10.0,100.0,7.0,127.0,1.0,24.0,12000.0,0
730,4.0,25.0,91.0,7.0,112.0,1.0,33.0,150000.0,0
731,2.0,13.0,103.0,9.0,61.0,2.0,18.0,47000.0,1
732,3.0,18.0,95.0,1.0,201.0,2.0,30.0,306000.0,0
733,2.0,22.0,92.0,8.0,137.0,2.0,33.0,155000.0,1
734,3.0,39.0,126.0,15.0,402.0,3.0,18.0,213000.0,1
735,3.0,23.0,102.0,8.0,55.0,1.0,29.0,123000.0,1
736,4.0,22.0,97.0,9.0,91.0,2.0,21.0,27000.0,0
737,3.0,7.0,98.0,8.0,9.0,2.0,34.0,107000.0,1
738,3.0,14.0,102.0,8.0,189.0,1.0,25.0,45000.0,0
739,2.0,19.0,105.0,4.0,17.0,2.0,18.0,124000.0,1
740,3.0,27.0,101.0,2.0,72.0,2.0,28.0,187000.0,1
741,3.0,19.0,104.0,9.0,308.0,1.0,28.0,27000.0,0
742,3.0,22.0,102.0,10.0,76.0,2.0,28.0,59000.0,1
743,2.0,14.0,98.0,13.0,267.0,2.0,31.0,258000.0,1
744,3.0,19.0,100.0,12.0,17.0,1.0,31.0,78000.0,1
745,2.0,17.0,100.0,3.0,13.0,2.0,28.0,192000.0,1
746,2.0,2.0,100.0,8.0,215.0,3.0,30.0,266000.0,1
747,3.0,8.0,100.0,18.0,253.0,2.0,25.0,74000.0,1
748,4.0,36.0,104.0,11.0,111.0,2.0,26.0,27000.0,0
749,4.0,26.0,92.0,13.0,134.0,2.0,36.0,119000.0,0
750,2.0,22.0,101.0,4.0,35.0,3.0,27.0,164000.0,1
751,3.0,2.0,99.0,6.0,42.0,1.0,44.0,229000.0,1
752,3.0,21.0,93.0,2.0,171.0,3.0,31.0,28000.0,1
753,4.0,27.0,86.0,10.0,11.0,1.0,46.0,198000.0,1
754,3.0,8.0,99.0,25.0,158.0,2.0,35.0,13000.0,0
755,3.0,15.0,101.0,6.0,125.0,2.0,23.0,6000.0,1
756,3.0,26.0,105.0,11.0,31.0,2.0,23.0,76000.0,1
757,3.0,18.0,105.0,10.0,37.0,3.0,20.0,31000.0,1
758,3.0,1.0,100.0,25.0,86.0,1.0,37.0,37000.0,0
759,2.0,14.0,99.0,5.0,107.0,1.0,28.0,234000.0,1
760,3.0,4.0,100.0,5.0,100.0,3.0,21.0,58000.0,0
761,3.0,26.0,104.0,8.0,1.0,3.0,24.0,107000.0,0
762,3.0,30.0,103.0,8.0,116.0,2.0,24.0,8000.0,0
763,2.0,13.0,96.0,12.0,328.0,3.0,38.0,336000.0,1
764,2.0,13.0,100.0,8.0,192.0,2.0,24.0,184000.0,1
765,3.0,17.0,104.0,14.0,128.0,2.0,24.0,39000.0,1
766,3.0,4.0,99.0,8.0,106.0,3.0,34.0,184000.0,0
767,2.0,12.0,98.0,5.0,222.0,3.0,30.0,294000.0,1
768,4.0,40.0,88.0,2.0,98.0,2.0,27.0,138000.0,0
769,4.0,13.0,99.0,1.0,23.0,2.0,19.0,2000.0,0
770,3.0,16.0,102.0,5.0,243.0,2.0,25.0,39000.0,0
771,3.0,39.0,110.0,14.0,255.0,2.0,30.0,52000.0,0
772,3.0,8.0,100.0,7.0,69.0,2.0,22.0,41000.0,0
773,4.0,10.0,97.0,15.0,66.0,2.0,32.0,12000.0,0
774,3.0,23.0,99.0,11.0,10.0,2.0,31.0,101000.0,1
775,4.0,8.0,99.0,3.0,46.0,3.0,18.0,85000.0,0
776,3.0,29.0,106.0,10.0,110.0,2.0,25.0,29000.0,1
777,3.0,32.0,108.0,11.0,347.0,2.0,29.0,78000.0,0
778,2.0,15.0,102.0,8.0,78.0,1.0,25.0,168000.0,1
779,3.0,7.0,98.0,9.0,77.0,2.0,33.0,122000.0,1
780,3.0,44.0,92.0,25.0,39.0,1.0,34.0,109000.0,0
781,3.0,29.0,108.0,7.0,7.0,1.0,20.0,89000.0,1
782,3.0,25.0,103.0,5.0,162.0,2.0,25.0,21000.0,0
783,2.0,20.0,98.0,4.0,144.0,3.0,30.0,275000.0,1
784,3.0,34.0,110.0,11.0,265.0,2.0,29.0,12000.0,0
785,2.0,21.0,103.0,3.0,123.0,3.0,20.0,199000.0,1
786,2.0,3.0,100.0,12.0,260.0,3.0,28.0,178000.0,0
787,4.0,8.0,97.0,19.0,73.0,2.0,35.0,133000.0,0
788,2.0,6.0,101.0,7.0,119.0,2.0,23.0,205000.0,1
789,3.0,14.0,97.0,7.0,57.0,3.0,29.0,91000.0,0
790,4.0,16.0,97.0,11.0,138.0,2.0,27.0,47000.0,0
791,3.0,9.0,98.0,17.0,86.0,2.0,29.0,40000.0,0
792,3.0,8.0,98.0,20.0,236.0,1.0,34.0,104000.0,0
793,3.0,4.0,99.0,16.0,96.0,2.0,37.0,98000.0,0
794,1.0,10.0,100.0,4.0,37.0,1.0,28.0,258000.0,1
795,2.0,18.0,101.0,6.0,69.0,3.0,25.0,161000.0,1
796,3.0,24.0,102.0,4.0,129.0,2.0,24.0,25000.0,0
797,2.0,1.0,100.0,8.0,235.0,2.0,40.0,340000.0,1
798,2.0,17.0,101.0,8.0,85.0,2.0,25.0,152000.0,1
799,4.0,5.0,99.0,10.0,29.0,3.0,30.0,19000.0,0
800,3.0,8.0,100.0,2.0,131.0,1.0,21.0,9000.0,0
801,2.0,2.0,100.0,5.0,60.0,2.0,27.0,101000.0,1
802,3.0,12.0,101.0,12.0,55.0,2.0,24.0,55000.0,0
803,4.0,4.0,99.0,3.0,111.0,2.0,21.0,76000.0,0
804,3.0,3.0,100.0,11.0,162.0,2.0,27.0,118000.0,0
805,3.0,24.0,105.0,15.0,189.0,2.0,29.0,43000.0,1
806,3.0,27.0,105.0,11.0,278.0,2.0,27.0,79000.0,0
807,2.0,9.0,98.0,6.0,81.0,2.0,36.0,247000.0,1
808,2.0,5.0,99.0,9.0,281.0,3.0,32.0,325000.0,1
809,4.0,20.0,101.0,12.0,158.0,2.0,26.0,89000.0,0
810,3.0,10.0,100.0,4.0,16.0,1.0,21.0,19000.0,0
811,3.0,19.0,96.0,22.0,97.0,2.0,35.0,12000.0,0
812,2.0,34.0,92.0,25.0,90.0,3.0,38.0,18000.0,0
813,3.0,15.0,96.0,15.0,183.0,2.0,35.0,147000.0,0
814,3.0,20.0,103.0,7.0,24.0,1.0,24.0,96000.0,1
815,4.0,32.0,106.0,12.0,290.0,3.0,29.0,86000.0,0
816,3.0,18.0,101.0,10.0,29.0,2.0,27.0,111000.0,1
817,1.0,22.0,93.0,9.0,99.0,2.0,35.0,311000.0,1
818,2.0,25.0,103.0,2.0,83.0,1.0,23.0,231000.0,1
819,2.0,13.0,102.0,9.0,208.0,2.0,18.0,141000.0,1
820,2.0,10.0,99.0,7.0,191.0,3.0,28.0,226000.0,0
821,2.0,12.0,97.0,8.0,131.0,2.0,31.0,164000.0,1
822,3.0,10.0,100.0,3.0,123.0,2.0,22.0,6000.0,0
823,3.0,24.0,96.0,17.0,309.0,2.0,35.0,226000.0,0
824,3.0,13.0,97.0,27.0,114.0,3.0,38.0,45000.0,0
825,3.0,39.0,111.0,12.0,267.0,2.0,29.0,22000.0,0
826,4.0,15.0,96.0,17.0,93.0,2.0,34.0,42000.0,0
827,2.0,11.0,98.0,4.0,253.0,2.0,29.0,314000.0,1
828,2.0,20.0,93.0,1.0,77.0,2.0,34.0,144000.0,1
829,3.0,3.0,99.0,15.0,157.0,2.0,34.0,130000.0,0
830,3.0,6.0,97.0,7.0,161.0,1.0,45.0,328000.0,1
831,4.0,22.0,101.0,10.0,155.0,3.0,26.0,68000.0,0
832,3.0,15.0,97.0,11.0,36.0,2.0,33.0,39000.0,1
833,3.0,6.0,99.0,11.0,17.0,2.0,26.0,19000.0,1
834,3.0,2.0,99.0,7.0,37.0,2.0,38.0,180000.0,1
835,3.0,2.0,99.0,9.0,15.0,2.0,37.0,107000.0,1
836,2.0,9.0,99.0,4.0,473.0,2.0,21.0,348000.0,1
837,4.0,20.0,94.0,14.0,34.0,1.0,37.0,60000.0,1
838,3.0,15.0,101.0,4.0,160.0,2.0,24.0,13000.0,0
839,3.0,3.0,99.0,18.0,230.0,2.0,34.0,131000.0,0
840,3.0,13.0,95.0,13.0,218.0,2.0,38.0,220000.0,1
841,3.0,8.0,98.0,18.0,140.0,1.0,35.0,64000.0,0
842,2.0,32.0,111.0,2.0,1.0,2.0,20.0,143000.0,1
843,3.0,25.0,105.0,10.0,100.0,3.0,25.0,37000.0,1
844,3.0,13.0,96.0,3.0,51.0,1.0,35.0,160000.0,1
845,3.0,19.0,104.0,7.0,349.0,2.0,29.0,30000.0,0
846,3.0,42.0,91.0,21.0,33.0,2.0,33.0,78000.0,0
847,3.0,26.0,94.0,30.0,131.0,2.0,38.0,59000.0,0
848,2.0,28.0,101.0,1.0,110.0,2.0,25.0,273000.0,1
849,5.0,22.0,94.0,11.0,88.0,2.0,28.0,131000.0,0
850,3.0,7.0,94.0,2.0,95.0,2.0,52.0,267000.0,1
851,3.0,19.0,96.0,17.0,63.0,3.0,32.0,11000.0,0
852,4.0,11.0,99.0,1.0,27.0,2.0,18.0,1000.0,0
853,4.0,9.0,98.0,24.0,7.0,3.0,32.0,171000.0,0
854,4.0,15.0,94.0,13.0,1.0,2.0,35.0,3000.0,0
855,4.0,22.0,95.0,6.0,155.0,2.0,26.0,106000.0,0
856,5.0,6.0,98.0,9.0,140.0,2.0,30.0,125000.0,0
857,3.0,17.0,94.0,1.0,116.0,2.0,34.0,120000.0,1
858,2.0,23.0,98.0,4.0,47.0,3.0,32.0,243000.0,1
859,4.0,19.0,100.0,3.0,118.0,1.0,20.0,26000.0,0
860,5.0,3.0,99.0,12.0,204.0,3.0,28.0,226000.0,0
861,4.0,7.0,98.0,12.0,41.0,2.0,30.0,67000.0,0
862,3.0,18.0,96.0,10.0,180.0,3.0,31.0,185000.0,0
863,2.0,6.0,100.0,11.0,164.0,2.0,22.0,102000.0,1
864,3.0,8.0,99.0,15.0,112.0,3.0,31.0,64000.0,1
865,3.0,29.0,108.0,12.0,271.0,3.0,30.0,22000.0,1
866,3.0,4.0,99.0,11.0,128.0,2.0,30.0,114000.0,1
867,3.0,7.0,99.0,23.0,188.0,2.0,32.0,7000.0,0
868,3.0,24.0,96.0,17.0,362.0,2.0,34.0,268000.0,1
869,2.0,2.0,100.0,8.0,76.0,3.0,29.0,152000.0,1
870,3.0,11.0,98.0,23.0,141.0,2.0,36.0,27000.0,0
871,3.0,8.0,98.0,19.0,96.0,2.0,37.0,53000.0,0
872,3.0,2.0,99.0,7.0,71.0,2.0,27.0,57000.0,0
873,3.0,10.0,97.0,15.0,19.0,2.0,33.0,46000.0,0
874,4.0,6.0,96.0,22.0,407.0,2.0,45.0,198000.0,1
875,3.0,19.0,101.0,7.0,22.0,2.0,27.0,145000.0,0
876,4.0,7.0,99.0,2.0,49.0,2.0,19.0,33000.0,0
877,3.0,11.0,101.0,8.0,221.0,2.0,26.0,34000.0,0
878,3.0,33.0,108.0,6.0,62.0,3.0,23.0,120000.0,1
879,2.0,37.0,93.0,20.0,130.0,2.0,31.0,4000.0,0
880,3.0,4.0,98.0,12.0,185.0,2.0,41.0,222000.0,1
881,3.0,23.0,104.0,8.0,24.0,3.0,21.0,91000.0,1
882,3.0,5.0,99.0,23.0,121.0,1.0,37.0,2000.0,0
883,3.0,23.0,92.0,11.0,127.0,1.0,40.0,225000.0,1
884,3.0,33.0,106.0,6.0,180.0,2.0,28.0,78000.0,1
885,4.0,30.0,89.0,10.0,190.0,2.0,31.0,144000.0,0
886,3.0,19.0,101.0,9.0,82.0,2.0,29.0,74000.0,1
887,3.0,13.0,97.0,22.0,128.0,3.0,36.0,34000.0,0
888,3.0,30.0,105.0,9.0,210.0,3.0,28.0,2000.0,0
889,3.0,19.0,95.0,4.0,309.0,2.0,31.0,6000.0,1
890,4.0,11.0,97.0,16.0,30.0,1.0,31.0,87000.0,0
891,2.0,22.0,104.0,3.0,42.0,3.0,20.0,162000.0,1
892,2.0,28.0,101.0,1.0,119.0,1.0,24.0,257000.0,1
893,2.0,21.0,104.0,8.0,42.0,1.0,21.0,113000.0,1
894,3.0,13.0,101.0,5.0,257.0,2.0,25.0,41000.0,0
895,2.0,21.0,101.0,6.0,121.0,2.0,25.0,204000.0,1
896,4.0,9.0,98.0,23.0,60.0,1.0,34.0,95000.0,0
897,3.0,15.0,99.0,2.0,241.0,3.0,25.0,0.0,1
898,4.0,19.0,99.0,5.0,169.0,2.0,21.0,120000.0,0
899,2.0,3.0,100.0,3.0,65.0,3.0,30.0,278000.0,1
900,3.0,4.0,100.0,8.0,256.0,3.0,26.0,105000.0,0
901,4.0,12.0,96.0,19.0,90.0,2.0,36.0,19000.0,0
902,2.0,22.0,104.0,5.0,0.0,2.0,23.0,135000.0,1
903,4.0,10.0,97.0,21.0,16.0,1.0,35.0,82000.0,0
904,2.0,25.0,105.0,6.0,34.0,2.0,22.0,150000.0,1
905,3.0,21.0,103.0,6.0,39.0,2.0,24.0,103000.0,0
906,3.0,21.0,98.0,13.0,185.0,2.0,32.0,184000.0,1
907,3.0,24.0,101.0,7.0,7.0,2.0,28.0,137000.0,1
908,3.0,5.0,99.0,19.0,96.0,2.0,35.0,26000.0,0
909,3.0,24.0,103.0,5.0,222.0,2.0,25.0,11000.0,0
910,3.0,9.0,98.0,15.0,124.0,3.0,31.0,52000.0,0
911,2.0,2.0,100.0,7.0,7.0,1.0,29.0,120000.0,1
912,3.0,11.0,92.0,7.0,96.0,2.0,47.0,241000.0,1
913,3.0,15.0,101.0,5.0,235.0,2.0,24.0,52000.0,0
914,3.0,26.0,105.0,11.0,293.0,2.0,29.0,84000.0,0
915,3.0,40.0,107.0,9.0,71.0,3.0,24.0,26000.0,0
916,3.0,2.0,99.0,11.0,228.0,2.0,37.0,246000.0,1
917,2.0,27.0,101.0,3.0,106.0,1.0,23.0,278000.0,1
918,3.0,25.0,103.0,10.0,49.0,1.0,27.0,77000.0,1
919,2.0,16.0,103.0,10.0,118.0,2.0,18.0,87000.0,1
920,5.0,13.0,96.0,11.0,104.0,2.0,27.0,168000.0,0
921,3.0,19.0,97.0,19.0,106.0,2.0,30.0,17000.0,0
922,3.0,7.0,99.0,9.0,115.0,2.0,29.0,52000.0,1
923,2.0,11.0,100.0,7.0,5.0,2.0,29.0,135000.0,1
924,2.0,12.0,99.0,12.0,283.0,1.0,31.0,278000.0,1
925,2.0,2.0,100.0,17.0,332.0,2.0,34.0,263000.0,0
926,3.0,27.0,107.0,12.0,28.0,2.0,23.0,27000.0,1
927,3.0,11.0,100.0,1.0,132.0,3.0,20.0,19000.0,0
928,2.0,19.0,100.0,3.0,97.0,1.0,26.0,238000.0,1
929,4.0,4.0,99.0,14.0,81.0,2.0,32.0,94000.0,0
930,3.0,13.0,99.0,7.0,4.0,2.0,31.0,150000.0,1
931,2.0,4.0,100.0,4.0,69.0,2.0,30.0,144000.0,1
932,4.0,32.0,104.0,14.0,143.0,2.0,27.0,60000.0,0
933,2.0,19.0,97.0,1.0,230.0,2.0,28.0,351000.0,1
934,4.0,4.0,99.0,17.0,16.0,3.0,30.0,94000.0,0
935,4.0,8.0,99.0,2.0,71.0,2.0,19.0,4000.0,0
936,3.0,6.0,100.0,2.0,126.0,2.0,22.0,5000.0,0
937,2.0,20.0,102.0,1.0,213.0,3.0,18.0,256000.0,1
938,3.0,18.0,105.0,17.0,6.0,2.0,22.0,39000.0,1
939,4.0,23.0,102.0,10.0,142.0,2.0,25.0,46000.0,0
940,2.0,17.0,93.0,6.0,149.0,3.0,36.0,251000.0,1
941,2.0,4.0,99.0,4.0,28.0,1.0,38.0,247000.0,1
942,3.0,23.0,104.0,7.0,119.0,2.0,25.0,68000.0,1
943,2.0,10.0,97.0,9.0,196.0,2.0,32.0,205000.0,1
944,3.0,22.0,109.0,18.0,5.0,1.0,19.0,105000.0,1
945,2.0,8.0,99.0,4.0,152.0,1.0,28.0,265000.0,1
946,2.0,8.0,97.0,2.0,94.0,1.0,38.0,217000.0,1
947,4.0,24.0,100.0,7.0,104.0,2.0,21.0,79000.0,0
948,3.0,15.0,103.0,11.0,65.0,2.0,20.0,50000.0,1
949,3.0,13.0,101.0,12.0,35.0,2.0,28.0,79000.0,1
950,3.0,20.0,89.0,7.0,82.0,2.0,38.0,162000.0,1
951,3.0,19.0,97.0,21.0,213.0,2.0,36.0,123000.0,0
952,3.0,24.0,103.0,11.0,120.0,3.0,25.0,28000.0,0
953,4.0,21.0,99.0,7.0,20.0,2.0,20.0,53000.0,0
954,5.0,14.0,95.0,9.0,94.0,3.0,30.0,84000.0,0
955,4.0,21.0,101.0,6.0,210.0,1.0,24.0,49000.0,0
956,2.0,5.0,100.0,8.0,18.0,1.0,23.0,69000.0,1
957,2.0,16.0,103.0,7.0,24.0,2.0,23.0,108000.0,1
958,4.0,3.0,99.0,7.0,99.0,3.0,30.0,43000.0,0
959,4.0,9.0,97.0,15.0,80.0,2.0,33.0,34000.0,0
960,3.0,10.0,97.0,19.0,164.0,2.0,38.0,109000.0,0
961,4.0,46.0,109.0,15.0,7.0,2.0,27.0,23000.0,0
962,3.0,16.0,95.0,19.0,109.0,2.0,37.0,51000.0,0
963,3.0,19.0,102.0,5.0,227.0,2.0,24.0,41000.0,0
964,2.0,14.0,98.0,3.0,198.0,2.0,27.0,287000.0,1
965,3.0,1.0,100.0,7.0,161.0,2.0,18.0,17000.0,0
966,3.0,22.0,109.0,13.0,155.0,2.0,19.0,79000.0,1
967,2.0,10.0,97.0,4.0,269.0,2.0,32.0,423000.0,1
968,2.0,15.0,100.0,4.0,204.0,3.0,22.0,233000.0,1
969,4.0,20.0,93.0,8.0,14.0,2.0,31.0,0.0,0
970,2.0,11.0,97.0,8.0,172.0,2.0,32.0,220000.0,1
971,3.0,5.0,99.0,10.0,115.0,3.0,29.0,92000.0,0
972,3.0,2.0,99.0,14.0,268.0,2.0,35.0,209000.0,0
973,4.0,13.0,99.0,1.0,212.0,2.0,22.0,66000.0,0
974,3.0,2.0,100.0,5.0,154.0,2.0,30.0,31000.0,1
975,4.0,21.0,94.0,9.0,81.0,2.0,33.0,129000.0,0
976,2.0,11.0,99.0,2.0,261.0,1.0,25.0,309000.0,1
977,2.0,4.0,98.0,7.0,200.0,2.0,41.0,317000.0,1
978,3.0,19.0,105.0,16.0,62.0,2.0,22.0,64000.0,1
979,3.0,5.0,100.0,18.0,232.0,2.0,23.0,9000.0,1
980,2.0,21.0,101.0,4.0,30.0,2.0,27.0,197000.0,1
981,3.0,2.0,99.0,5.0,155.0,2.0,33.0,42000.0,1
982,4.0,7.0,98.0,16.0,57.0,2.0,38.0,20000.0,0
983,4.0,4.0,99.0,15.0,62.0,2.0,32.0,7000.0,0
984,4.0,23.0,101.0,4.0,134.0,2.0,23.0,12000.0,0
985,3.0,25.0,105.0,14.0,228.0,2.0,28.0,66000.0,0
986,3.0,25.0,103.0,14.0,153.0,2.0,30.0,20000.0,1
987,3.0,21.0,101.0,8.0,102.0,2.0,23.0,19000.0,0
988,3.0,20.0,97.0,13.0,142.0,2.0,32.0,155000.0,1
989,4.0,21.0,96.0,22.0,58.0,3.0,32.0,174000.0,0
990,3.0,4.0,98.0,8.0,167.0,2.0,42.0,271000.0,1
991,3.0,19.0,103.0,12.0,44.0,2.0,26.0,29000.0,1
992,1.0,36.0,92.0,15.0,197.0,3.0,35.0,202000.0,1
993,4.0,6.0,99.0,6.0,18.0,2.0,19.0,49000.0,0
994,4.0,22.0,93.0,10.0,128.0,1.0,28.0,128000.0,0
995,3.0,37.0,112.0,11.0,306.0,3.0,30.0,20000.0,0
996,3.0,19.0,97.0,25.0,37.0,2.0,33.0,118000.0,0
997,3.0,17.0,98.0,18.0,255.0,2.0,33.0,165000.0,0
998,2.0,20.0,100.0,4.0,262.0,2.0,22.0,256000.0,1
999,4.0,8.0,98.0,18.0,73.0,3.0,35.0,0.0,0
